artykul,strona_pdf,status_zrodla,moduly,status_komentarza
1,3,TEKST_W_TJ,mod-PrRestr-wejscie-plan-test.md,KOMENTARZ_A_COV_ART
2,3,TEKST_W_TJ,mod-PrRestr-wejscie-plan-test.md,KOMENTARZ_A_COV_ART
3,3,TEKST_W_TJ,mod-PrRestr-wejscie-plan-test.md,KOMENTARZ_A_COV_ART
4,4,TEKST_W_TJ,mod-PrRestr-wejscie-plan-test.md,KOMENTARZ_A_COV_ART
5,5,UCHYLONY,mod-PrRestr-wejscie-plan-test.md,NIE_DOTYCZY_UCHYLONY
5a,5,TEKST_W_TJ,mod-PrRestr-wejscie-plan-test.md,KOMENTARZ_A_COV_ART
6,5,TEKST_W_TJ,mod-PrRestr-wejscie-plan-test.md,KOMENTARZ_A_COV_ART
7,5,TEKST_W_TJ,mod-PrRestr-wejscie-plan-test.md,KOMENTARZ_A_COV_ART
8,5,TEKST_W_TJ,mod-PrRestr-wejscie-plan-test.md,KOMENTARZ_A_COV_ART
9,5,TEKST_W_TJ,mod-PrRestr-wejscie-plan-test.md,KOMENTARZ_A_COV_ART
10,6,TEKST_W_TJ,mod-PrRestr-wejscie-plan-test.md,KOMENTARZ_A_COV_ART
10a,6,TEKST_W_TJ,mod-PrRestr-wejscie-plan-test.md,KOMENTARZ_A_COV_ART
11,7,TEKST_W_TJ,mod-PrRestr-wejscie-plan-test.md,KOMENTARZ_A_COV_ART
12,7,TEKST_W_TJ,mod-PrRestr-wejscie-plan-test.md,KOMENTARZ_A_COV_ART
13,7,TEKST_W_TJ,mod-PrRestr-wejscie-plan-test.md,KOMENTARZ_A_COV_ART
14,8,TEKST_W_TJ,mod-PrRestr-wejscie-plan-test.md,KOMENTARZ_A_COV_ART
15,8,TEKST_W_TJ,mod-PrRestr-wejscie-plan-test.md,KOMENTARZ_A_COV_ART
16,8,TEKST_W_TJ,mod-PrRestr-wejscie-plan-test.md,KOMENTARZ_A_COV_ART
17,8,TEKST_W_TJ,mod-PrRestr-wejscie-plan-test.md,KOMENTARZ_A_COV_ART
18,8,TEKST_W_TJ,mod-PrRestr-wejscie-plan-test.md,KOMENTARZ_A_COV_ART
19,9,TEKST_W_TJ,mod-PrRestr-wejscie-plan-test.md,KOMENTARZ_A_COV_ART
20,9,TEKST_W_TJ,mod-PrRestr-wejscie-plan-test.md,KOMENTARZ_A_COV_ART
21,9,TEKST_W_TJ,mod-PrRestr-wejscie-plan-test.md,KOMENTARZ_A_COV_ART
22,9,TEKST_W_TJ,mod-PrRestr-wejscie-plan-test.md,KOMENTARZ_A_COV_ART
23,9,TEKST_W_TJ,mod-PrRestr-dzial-III-nadzorca-zarzadca.md,KOMENTARZ_A_COV_ART
24,9,TEKST_W_TJ,mod-PrRestr-dzial-III-nadzorca-zarzadca.md,KOMENTARZ_A_COV_ART
25,10,TEKST_W_TJ,mod-PrRestr-dzial-III-nadzorca-zarzadca.md,KOMENTARZ_A_COV_ART
25a,10,TEKST_W_TJ,mod-PrRestr-dzial-III-nadzorca-zarzadca.md,KOMENTARZ_A_COV_ART
26,10,TEKST_W_TJ,mod-PrRestr-dzial-III-nadzorca-zarzadca.md,KOMENTARZ_A_COV_ART
26a,10,TEKST_W_TJ,mod-PrRestr-dzial-III-nadzorca-zarzadca.md,KOMENTARZ_A_COV_ART
27,10,TEKST_W_TJ,mod-PrRestr-dzial-III-nadzorca-zarzadca.md,KOMENTARZ_A_COV_ART
28,10,TEKST_W_TJ,mod-PrRestr-dzial-III-nadzorca-zarzadca.md,KOMENTARZ_A_COV_ART
29,11,TEKST_W_TJ,mod-PrRestr-dzial-III-nadzorca-zarzadca.md,KOMENTARZ_A_COV_ART
30,11,TEKST_W_TJ,mod-PrRestr-dzial-III-nadzorca-zarzadca.md,KOMENTARZ_A_COV_ART
30a,11,TEKST_W_TJ,mod-PrRestr-dzial-III-nadzorca-zarzadca.md,KOMENTARZ_A_COV_ART
31,11,TEKST_W_TJ,mod-PrRestr-dzial-III-nadzorca-zarzadca.md,KOMENTARZ_A_COV_ART
32,12,TEKST_W_TJ,mod-PrRestr-dzial-III-nadzorca-zarzadca.md,KOMENTARZ_A_COV_ART
33,12,TEKST_W_TJ,mod-PrRestr-dzial-III-nadzorca-zarzadca.md,KOMENTARZ_A_COV_ART
34,12,TEKST_W_TJ,mod-PrRestr-dzial-III-nadzorca-zarzadca.md,KOMENTARZ_A_COV_ART
34a,12,TEKST_W_TJ,mod-PrRestr-dzial-III-nadzorca-zarzadca.md,KOMENTARZ_A_COV_ART
34b,13,TEKST_W_TJ,mod-PrRestr-dzial-III-nadzorca-zarzadca.md,KOMENTARZ_A_COV_ART
35,13,TEKST_W_TJ,mod-PrRestr-dzial-III-nadzorca-zarzadca.md,KOMENTARZ_A_COV_ART
36,13,TEKST_W_TJ,mod-PrRestr-dzial-III-nadzorca-zarzadca.md,KOMENTARZ_A_COV_ART
37,13,TEKST_W_TJ,mod-PrRestr-dzial-III-nadzorca-zarzadca.md,KOMENTARZ_A_COV_ART
38,14,TEKST_W_TJ,mod-PrRestr-dzial-III-nadzorca-zarzadca.md,KOMENTARZ_A_COV_ART
39,14,TEKST_W_TJ,mod-PrRestr-dzial-III-nadzorca-zarzadca.md,KOMENTARZ_A_COV_ART
40,14,TEKST_W_TJ,mod-PrRestr-dzial-III-nadzorca-zarzadca.md,KOMENTARZ_A_COV_ART
41,15,TEKST_W_TJ,mod-PrRestr-dzial-III-nadzorca-zarzadca.md,KOMENTARZ_A_COV_ART
42,15,TEKST_W_TJ,mod-PrRestr-dzial-III-nadzorca-zarzadca.md,KOMENTARZ_A_COV_ART
43,15,TEKST_W_TJ,mod-PrRestr-dzial-III-nadzorca-zarzadca.md,KOMENTARZ_A_COV_ART
43a,16,TEKST_W_TJ,mod-PrRestr-dzial-III-nadzorca-zarzadca.md,KOMENTARZ_A_COV_ART
44,16,TEKST_W_TJ,mod-PrRestr-dzial-III-nadzorca-zarzadca.md,KOMENTARZ_A_COV_ART
45,16,TEKST_W_TJ,mod-PrRestr-dzial-III-nadzorca-zarzadca.md,KOMENTARZ_A_COV_ART
46,16,TEKST_W_TJ,mod-PrRestr-dzial-III-nadzorca-zarzadca.md,KOMENTARZ_A_COV_ART
47,17,TEKST_W_TJ,mod-PrRestr-dzial-III-nadzorca-zarzadca.md,KOMENTARZ_A_COV_ART
48,17,TEKST_W_TJ,mod-PrRestr-dzial-III-nadzorca-zarzadca.md,KOMENTARZ_A_COV_ART
49,17,TEKST_W_TJ,mod-PrRestr-dzial-III-nadzorca-zarzadca.md,KOMENTARZ_A_COV_ART
50,17,TEKST_W_TJ,mod-PrRestr-dzial-III-nadzorca-zarzadca.md,KOMENTARZ_A_COV_ART
51,17,TEKST_W_TJ,mod-PrRestr-dzial-III-nadzorca-zarzadca.md,KOMENTARZ_A_COV_ART
52,17,TEKST_W_TJ,mod-PrRestr-dzial-III-nadzorca-zarzadca.md,KOMENTARZ_A_COV_ART
53,18,TEKST_W_TJ,mod-PrRestr-dzial-III-nadzorca-zarzadca.md,KOMENTARZ_A_COV_ART
54,18,TEKST_W_TJ,mod-PrRestr-dzial-III-nadzorca-zarzadca.md,KOMENTARZ_A_COV_ART
55,18,TEKST_W_TJ,mod-PrRestr-dzial-III-nadzorca-zarzadca.md,KOMENTARZ_A_COV_ART
56,19,TEKST_W_TJ,mod-PrRestr-dzial-III-nadzorca-zarzadca.md,KOMENTARZ_A_COV_ART
57,19,TEKST_W_TJ,mod-PrRestr-dzial-III-nadzorca-zarzadca.md,KOMENTARZ_A_COV_ART
58,19,TEKST_W_TJ,mod-PrRestr-dzial-III-nadzorca-zarzadca.md,KOMENTARZ_A_COV_ART
59,20,TEKST_W_TJ,mod-PrRestr-dzial-III-nadzorca-zarzadca.md,KOMENTARZ_A_COV_ART
60,20,TEKST_W_TJ,mod-PrRestr-dzial-III-nadzorca-zarzadca.md,KOMENTARZ_A_COV_ART
61,20,TEKST_W_TJ,mod-PrRestr-dzial-III-nadzorca-zarzadca.md,KOMENTARZ_A_COV_ART
62,21,TEKST_W_TJ,mod-PrRestr-dzial-III-nadzorca-zarzadca.md,KOMENTARZ_A_COV_ART
63,21,TEKST_W_TJ,mod-PrRestr-dzial-III-nadzorca-zarzadca.md,KOMENTARZ_A_COV_ART
64,21,TEKST_W_TJ,mod-PrRestr-dzial-III-nadzorca-zarzadca.md,KOMENTARZ_A_COV_ART
65,21,TEKST_W_TJ,mod-PrRestr-dzial-IV-uczestnicy-wierzyciele.md,KOMENTARZ_A_COV_ART
66,22,TEKST_W_TJ,mod-PrRestr-dzial-IV-uczestnicy-wierzyciele.md,KOMENTARZ_A_COV_ART
67,22,TEKST_W_TJ,mod-PrRestr-dzial-IV-uczestnicy-wierzyciele.md,KOMENTARZ_A_COV_ART
68,22,TEKST_W_TJ,mod-PrRestr-dzial-IV-uczestnicy-wierzyciele.md,KOMENTARZ_A_COV_ART
69,22,TEKST_W_TJ,mod-PrRestr-dzial-IV-uczestnicy-wierzyciele.md,KOMENTARZ_A_COV_ART
70,22,TEKST_W_TJ,mod-PrRestr-dzial-IV-uczestnicy-wierzyciele.md,KOMENTARZ_A_COV_ART
71,22,TEKST_W_TJ,mod-PrRestr-dzial-IV-uczestnicy-wierzyciele.md,KOMENTARZ_A_COV_ART
72,23,TEKST_W_TJ,mod-PrRestr-dzial-IV-uczestnicy-wierzyciele.md,KOMENTARZ_A_COV_ART
73,23,TEKST_W_TJ,mod-PrRestr-dzial-IV-uczestnicy-wierzyciele.md,KOMENTARZ_A_COV_ART
74,23,TEKST_W_TJ,mod-PrRestr-dzial-IV-uczestnicy-wierzyciele.md,KOMENTARZ_A_COV_ART
75,23,TEKST_W_TJ,mod-PrRestr-dzial-IV-uczestnicy-wierzyciele.md,KOMENTARZ_A_COV_ART
76,23,TEKST_W_TJ,mod-PrRestr-dzial-IV-uczestnicy-wierzyciele.md,KOMENTARZ_A_COV_ART
77,23,TEKST_W_TJ,mod-PrRestr-dzial-IV-uczestnicy-wierzyciele.md,KOMENTARZ_A_COV_ART
78,23,TEKST_W_TJ,mod-PrRestr-dzial-IV-uczestnicy-wierzyciele.md,KOMENTARZ_A_COV_ART
79,23,TEKST_W_TJ,mod-PrRestr-dzial-IV-uczestnicy-wierzyciele.md,KOMENTARZ_A_COV_ART
80,24,TEKST_W_TJ,mod-PrRestr-dzial-IV-uczestnicy-wierzyciele.md,KOMENTARZ_A_COV_ART
81,24,TEKST_W_TJ,mod-PrRestr-dzial-IV-uczestnicy-wierzyciele.md,KOMENTARZ_A_COV_ART
82,24,TEKST_W_TJ,mod-PrRestr-dzial-IV-uczestnicy-wierzyciele.md,KOMENTARZ_A_COV_ART
83,24,TEKST_W_TJ,mod-PrRestr-dzial-IV-uczestnicy-wierzyciele.md,KOMENTARZ_A_COV_ART
84,24,TEKST_W_TJ,mod-PrRestr-dzial-IV-uczestnicy-wierzyciele.md,KOMENTARZ_A_COV_ART
85,24,TEKST_W_TJ,mod-PrRestr-dzial-IV-uczestnicy-wierzyciele.md,KOMENTARZ_A_COV_ART
86,24,TEKST_W_TJ,mod-PrRestr-dzial-IV-uczestnicy-wierzyciele.md,KOMENTARZ_A_COV_ART
86a,25,TEKST_W_TJ,mod-PrRestr-dzial-IV-uczestnicy-wierzyciele.md,KOMENTARZ_A_COV_ART
87,25,TEKST_W_TJ,mod-PrRestr-dzial-IV-uczestnicy-wierzyciele.md,KOMENTARZ_A_COV_ART
88,25,UCHYLONY,mod-PrRestr-dzial-IV-uczestnicy-wierzyciele.md,NIE_DOTYCZY_UCHYLONY
89,25,TEKST_W_TJ,mod-PrRestr-dzial-IV-uczestnicy-wierzyciele.md,KOMENTARZ_A_COV_ART
90,25,TEKST_W_TJ,mod-PrRestr-dzial-IV-uczestnicy-wierzyciele.md,KOMENTARZ_A_COV_ART
91,25,TEKST_W_TJ,mod-PrRestr-dzial-IV-uczestnicy-wierzyciele.md,KOMENTARZ_A_COV_ART
92,26,TEKST_W_TJ,mod-PrRestr-dzial-IV-uczestnicy-wierzyciele.md,KOMENTARZ_A_COV_ART
93,26,TEKST_W_TJ,mod-PrRestr-dzial-IV-uczestnicy-wierzyciele.md,KOMENTARZ_A_COV_ART
94,26,TEKST_W_TJ,mod-PrRestr-dzial-IV-uczestnicy-wierzyciele.md,KOMENTARZ_A_COV_ART
95,27,TEKST_W_TJ,mod-PrRestr-dzial-IV-uczestnicy-wierzyciele.md,KOMENTARZ_A_COV_ART
96,27,TEKST_W_TJ,mod-PrRestr-dzial-IV-uczestnicy-wierzyciele.md,KOMENTARZ_A_COV_ART
97,27,TEKST_W_TJ,mod-PrRestr-dzial-IV-uczestnicy-wierzyciele.md,KOMENTARZ_A_COV_ART
98,27,TEKST_W_TJ,mod-PrRestr-dzial-IV-uczestnicy-wierzyciele.md,KOMENTARZ_A_COV_ART
99,27,TEKST_W_TJ,mod-PrRestr-dzial-IV-uczestnicy-wierzyciele.md,KOMENTARZ_A_COV_ART
100,27,TEKST_W_TJ,mod-PrRestr-dzial-IV-uczestnicy-wierzyciele.md,KOMENTARZ_A_COV_ART
101,27,TEKST_W_TJ,mod-PrRestr-dzial-IV-uczestnicy-wierzyciele.md,KOMENTARZ_A_COV_ART
102,28,TEKST_W_TJ,mod-PrRestr-dzial-IV-uczestnicy-wierzyciele.md,KOMENTARZ_A_COV_ART
103,28,TEKST_W_TJ,mod-PrRestr-dzial-IV-uczestnicy-wierzyciele.md,KOMENTARZ_A_COV_ART
104,28,TEKST_W_TJ,mod-PrRestr-dzial-IV-uczestnicy-wierzyciele.md,KOMENTARZ_A_COV_ART
105,28,TEKST_W_TJ,mod-PrRestr-dzial-IV-uczestnicy-wierzyciele.md,KOMENTARZ_A_COV_ART
106,29,TEKST_W_TJ,mod-PrRestr-dzial-IV-uczestnicy-wierzyciele.md,KOMENTARZ_A_COV_ART
107,29,TEKST_W_TJ,mod-PrRestr-dzial-IV-uczestnicy-wierzyciele.md,KOMENTARZ_A_COV_ART
108,29,TEKST_W_TJ,mod-PrRestr-dzial-IV-uczestnicy-wierzyciele.md,KOMENTARZ_A_COV_ART
109,29,TEKST_W_TJ,mod-PrRestr-dzial-IV-uczestnicy-wierzyciele.md,KOMENTARZ_A_COV_ART
110,29,TEKST_W_TJ,mod-PrRestr-dzial-IV-uczestnicy-wierzyciele.md,KOMENTARZ_A_COV_ART
111,30,TEKST_W_TJ,mod-PrRestr-dzial-IV-uczestnicy-wierzyciele.md,KOMENTARZ_A_COV_ART
112,30,TEKST_W_TJ,mod-PrRestr-dzial-IV-uczestnicy-wierzyciele.md,KOMENTARZ_A_COV_ART
113,30,TEKST_W_TJ,mod-PrRestr-dzial-IV-uczestnicy-wierzyciele.md,KOMENTARZ_A_COV_ART
114,30,TEKST_W_TJ,mod-PrRestr-dzial-IV-uczestnicy-wierzyciele.md,KOMENTARZ_A_COV_ART
115,30,TEKST_W_TJ,mod-PrRestr-dzial-IV-uczestnicy-wierzyciele.md,KOMENTARZ_A_COV_ART
116,30,TEKST_W_TJ,mod-PrRestr-dzial-IV-uczestnicy-wierzyciele.md,KOMENTARZ_A_COV_ART
117,30,TEKST_W_TJ,mod-PrRestr-dzial-IV-uczestnicy-wierzyciele.md,KOMENTARZ_A_COV_ART
118,31,TEKST_W_TJ,mod-PrRestr-dzial-IV-uczestnicy-wierzyciele.md,KOMENTARZ_A_COV_ART
119,31,TEKST_W_TJ,mod-PrRestr-dzial-IV-uczestnicy-wierzyciele.md,KOMENTARZ_A_COV_ART
120,32,TEKST_W_TJ,mod-PrRestr-dzial-IV-uczestnicy-wierzyciele.md,KOMENTARZ_A_COV_ART
121,32,TEKST_W_TJ,mod-PrRestr-dzial-IV-uczestnicy-wierzyciele.md,KOMENTARZ_A_COV_ART
122,32,TEKST_W_TJ,mod-PrRestr-dzial-IV-uczestnicy-wierzyciele.md,KOMENTARZ_A_COV_ART
123,32,TEKST_W_TJ,mod-PrRestr-dzial-IV-uczestnicy-wierzyciele.md,KOMENTARZ_A_COV_ART
124,32,TEKST_W_TJ,mod-PrRestr-dzial-IV-uczestnicy-wierzyciele.md,KOMENTARZ_A_COV_ART
125,32,TEKST_W_TJ,mod-PrRestr-dzial-IV-uczestnicy-wierzyciele.md,KOMENTARZ_A_COV_ART
126,33,TEKST_W_TJ,mod-PrRestr-dzial-IV-uczestnicy-wierzyciele.md,KOMENTARZ_A_COV_ART
127,33,TEKST_W_TJ,mod-PrRestr-dzial-IV-uczestnicy-wierzyciele.md,KOMENTARZ_A_COV_ART
128,33,TEKST_W_TJ,mod-PrRestr-dzial-IV-uczestnicy-wierzyciele.md,KOMENTARZ_A_COV_ART
129,33,TEKST_W_TJ,mod-PrRestr-dzial-IV-uczestnicy-wierzyciele.md,KOMENTARZ_A_COV_ART
130,33,TEKST_W_TJ,mod-PrRestr-dzial-IV-uczestnicy-wierzyciele.md,KOMENTARZ_A_COV_ART
131,33,TEKST_W_TJ,mod-PrRestr-dzial-IV-uczestnicy-wierzyciele.md,KOMENTARZ_A_COV_ART
132,34,TEKST_W_TJ,mod-PrRestr-dzial-IV-uczestnicy-wierzyciele.md,KOMENTARZ_A_COV_ART
133,34,TEKST_W_TJ,mod-PrRestr-dzial-IV-uczestnicy-wierzyciele.md,KOMENTARZ_A_COV_ART
134,34,TEKST_W_TJ,mod-PrRestr-dzial-IV-uczestnicy-wierzyciele.md,KOMENTARZ_A_COV_ART
135,34,TEKST_W_TJ,mod-PrRestr-dzial-IV-uczestnicy-wierzyciele.md,KOMENTARZ_A_COV_ART
136,34,TEKST_W_TJ,mod-PrRestr-dzial-IV-uczestnicy-wierzyciele.md,KOMENTARZ_A_COV_ART
137,35,TEKST_W_TJ,mod-PrRestr-dzial-IV-uczestnicy-wierzyciele.md,KOMENTARZ_A_COV_ART
138,35,TEKST_W_TJ,mod-PrRestr-dzial-IV-uczestnicy-wierzyciele.md,KOMENTARZ_A_COV_ART
139,35,TEKST_W_TJ,mod-PrRestr-dzial-IV-uczestnicy-wierzyciele.md,KOMENTARZ_A_COV_ART
139a,35,UCHYLONY,mod-PrRestr-dzial-V-pomoc-publiczna.md,NIE_DOTYCZY_UCHYLONY
140,35,TEKST_W_TJ,mod-PrRestr-dzial-V-pomoc-publiczna.md,KOMENTARZ_A_COV_ART
141,36,TEKST_W_TJ,mod-PrRestr-dzial-V-pomoc-publiczna.md,KOMENTARZ_A_COV_ART
142,36,TEKST_W_TJ,mod-PrRestr-dzial-V-pomoc-publiczna.md,KOMENTARZ_A_COV_ART
143,37,TEKST_W_TJ,mod-PrRestr-dzial-V-pomoc-publiczna.md,KOMENTARZ_A_COV_ART
144,38,TEKST_W_TJ,mod-PrRestr-dzial-V-pomoc-publiczna.md,KOMENTARZ_A_COV_ART
145,38,TEKST_W_TJ,mod-PrRestr-dzial-V-pomoc-publiczna.md,KOMENTARZ_A_COV_ART
146,39,TEKST_W_TJ,mod-PrRestr-dzial-V-pomoc-publiczna.md,KOMENTARZ_A_COV_ART
147,40,TEKST_W_TJ,mod-PrRestr-dzial-V-pomoc-publiczna.md,KOMENTARZ_A_COV_ART
148,40,TEKST_W_TJ,mod-PrRestr-dzial-V-pomoc-publiczna.md,KOMENTARZ_A_COV_ART
149,40,TEKST_W_TJ,mod-PrRestr-dzial-V-pomoc-publiczna.md,KOMENTARZ_A_COV_ART
150,40,TEKST_W_TJ,mod-PrRestr-dzial-VI-uklad.md,KOMENTARZ_A_COV_ART
151,41,TEKST_W_TJ,mod-PrRestr-dzial-VI-uklad.md,KOMENTARZ_A_COV_ART
152,41,TEKST_W_TJ,mod-PrRestr-dzial-VI-uklad.md,KOMENTARZ_A_COV_ART
153,41,TEKST_W_TJ,mod-PrRestr-dzial-VI-uklad.md,KOMENTARZ_A_COV_ART
154,41,TEKST_W_TJ,mod-PrRestr-dzial-VI-uklad.md,KOMENTARZ_A_COV_ART
155,41,TEKST_W_TJ,mod-PrRestr-dzial-VI-uklad.md,KOMENTARZ_A_COV_ART
156,41,TEKST_W_TJ,mod-PrRestr-dzial-VI-uklad.md,KOMENTARZ_A_COV_ART
157,42,TEKST_W_TJ,mod-PrRestr-dzial-VI-uklad.md,KOMENTARZ_A_COV_ART
158,42,TEKST_W_TJ,mod-PrRestr-dzial-VI-uklad.md,KOMENTARZ_A_COV_ART
159,42,TEKST_W_TJ,mod-PrRestr-dzial-VI-uklad.md,KOMENTARZ_A_COV_ART
160,42,TEKST_W_TJ,mod-PrRestr-dzial-VI-uklad.md,KOMENTARZ_A_COV_ART
161,43,TEKST_W_TJ,mod-PrRestr-dzial-VI-uklad.md,KOMENTARZ_A_COV_ART
161a,43,TEKST_W_TJ,mod-PrRestr-dzial-VI-uklad.md,KOMENTARZ_A_COV_ART
162,43,TEKST_W_TJ,mod-PrRestr-dzial-VI-uklad.md,KOMENTARZ_A_COV_ART
163,44,TEKST_W_TJ,mod-PrRestr-dzial-VI-uklad.md,KOMENTARZ_A_COV_ART
164,44,TEKST_W_TJ,mod-PrRestr-dzial-VI-uklad.md,KOMENTARZ_A_COV_ART
165,44,TEKST_W_TJ,mod-PrRestr-dzial-VI-uklad.md,KOMENTARZ_A_COV_ART
165a,45,TEKST_W_TJ,mod-PrRestr-dzial-VI-uklad.md,KOMENTARZ_A_COV_ART
166,45,TEKST_W_TJ,mod-PrRestr-dzial-VI-uklad.md,KOMENTARZ_A_COV_ART
167,45,TEKST_W_TJ,mod-PrRestr-dzial-VI-uklad.md,KOMENTARZ_A_COV_ART
168,45,UCHYLONY,mod-PrRestr-dzial-VI-uklad.md,NIE_DOTYCZY_UCHYLONY
169,45,TEKST_W_TJ,mod-PrRestr-dzial-VI-uklad.md,KOMENTARZ_A_COV_ART
170,46,TEKST_W_TJ,mod-PrRestr-dzial-VI-uklad.md,KOMENTARZ_A_COV_ART
171,46,TEKST_W_TJ,mod-PrRestr-dzial-VI-uklad.md,KOMENTARZ_A_COV_ART
172,46,TEKST_W_TJ,mod-PrRestr-dzial-VI-uklad.md,KOMENTARZ_A_COV_ART
173,46,TEKST_W_TJ,mod-PrRestr-dzial-VI-uklad.md,KOMENTARZ_A_COV_ART
174,47,TEKST_W_TJ,mod-PrRestr-dzial-VI-uklad.md,KOMENTARZ_A_COV_ART
175,47,TEKST_W_TJ,mod-PrRestr-dzial-VI-uklad.md,KOMENTARZ_A_COV_ART
176,47,TEKST_W_TJ,mod-PrRestr-dzial-VI-uklad.md,KOMENTARZ_A_COV_ART
177,47,TEKST_W_TJ,mod-PrRestr-dzial-VI-uklad.md,KOMENTARZ_A_COV_ART
178,47,TEKST_W_TJ,mod-PrRestr-dzial-VI-uklad.md,KOMENTARZ_A_COV_ART
179,47,TEKST_W_TJ,mod-PrRestr-dzial-VI-uklad.md,KOMENTARZ_A_COV_ART
180,48,TEKST_W_TJ,mod-PrRestr-dzial-VII-uklad-czesciowy.md,KOMENTARZ_A_COV_ART
181,48,UCHYLONY,mod-PrRestr-dzial-VII-uklad-czesciowy.md,NIE_DOTYCZY_UCHYLONY
182,48,TEKST_W_TJ,mod-PrRestr-dzial-VII-uklad-czesciowy.md,KOMENTARZ_A_COV_ART
183,48,TEKST_W_TJ,mod-PrRestr-dzial-VII-uklad-czesciowy.md,KOMENTARZ_A_COV_ART
184,48,TEKST_W_TJ,mod-PrRestr-dzial-VII-uklad-czesciowy.md,KOMENTARZ_A_COV_ART
185,48,TEKST_W_TJ,mod-PrRestr-dzial-VII-uklad-czesciowy.md,KOMENTARZ_A_COV_ART
186,49,UCHYLONY,mod-PrRestr-dzial-VII-uklad-czesciowy.md,NIE_DOTYCZY_UCHYLONY
187,49,TEKST_W_TJ,mod-PrRestr-dzial-VII-uklad-czesciowy.md,KOMENTARZ_A_COV_ART
188,49,TEKST_W_TJ,mod-PrRestr-dzial-VII-uklad-czesciowy.md,KOMENTARZ_A_COV_ART
189,49,TEKST_W_TJ,mod-PrRestr-procedura-zakonczenie.md,KOMENTARZ_A_COV_ART
190,49,TEKST_W_TJ,mod-PrRestr-procedura-zakonczenie.md,KOMENTARZ_A_COV_ART
191,49,TEKST_W_TJ,mod-PrRestr-procedura-zakonczenie.md,KOMENTARZ_A_COV_ART
192,49,TEKST_W_TJ,mod-PrRestr-procedura-zakonczenie.md,KOMENTARZ_A_COV_ART
193,50,TEKST_W_TJ,mod-PrRestr-procedura-zakonczenie.md,KOMENTARZ_A_COV_ART
194,50,TEKST_W_TJ,mod-PrRestr-procedura-zakonczenie.md,KOMENTARZ_A_COV_ART
195,50,TEKST_W_TJ,mod-PrRestr-procedura-zakonczenie.md,KOMENTARZ_A_COV_ART
196,50,TEKST_W_TJ,mod-PrRestr-procedura-zakonczenie.md,KOMENTARZ_A_COV_ART
196a,50,TEKST_W_TJ,mod-PrRestr-procedura-zakonczenie.md,KOMENTARZ_A_COV_ART
196b,51,TEKST_W_TJ,mod-PrRestr-procedura-zakonczenie.md,KOMENTARZ_A_COV_ART
196c,51,TEKST_W_TJ,mod-PrRestr-procedura-zakonczenie.md,KOMENTARZ_A_COV_ART
196d,51,TEKST_W_TJ,mod-PrRestr-procedura-zakonczenie.md,KOMENTARZ_A_COV_ART
197,51,TEKST_W_TJ,mod-PrRestr-procedura-zakonczenie.md,KOMENTARZ_A_COV_ART
198,52,TEKST_W_TJ,mod-PrRestr-procedura-zakonczenie.md,KOMENTARZ_A_COV_ART
199,52,TEKST_W_TJ,mod-PrRestr-procedura-zakonczenie.md,KOMENTARZ_A_COV_ART
200,52,TEKST_W_TJ,mod-PrRestr-procedura-zakonczenie.md,KOMENTARZ_A_COV_ART
201,53,TEKST_W_TJ,mod-PrRestr-procedura-zakonczenie.md,KOMENTARZ_A_COV_ART
202,53,TEKST_W_TJ,mod-PrRestr-procedura-zakonczenie.md,KOMENTARZ_A_COV_ART
203,53,TEKST_W_TJ,mod-PrRestr-procedura-zakonczenie.md,KOMENTARZ_A_COV_ART
204,53,TEKST_W_TJ,mod-PrRestr-procedura-zakonczenie.md,KOMENTARZ_A_COV_ART
205,53,TEKST_W_TJ,mod-PrRestr-procedura-zakonczenie.md,KOMENTARZ_A_COV_ART
206,53,TEKST_W_TJ,mod-PrRestr-procedura-zakonczenie.md,KOMENTARZ_A_COV_ART
207,53,TEKST_W_TJ,mod-PrRestr-procedura-zakonczenie.md,KOMENTARZ_A_COV_ART
208,53,TEKST_W_TJ,mod-PrRestr-procedura-zakonczenie.md,KOMENTARZ_A_COV_ART
209,54,TEKST_W_TJ,mod-PrRestr-procedura-zakonczenie.md,KOMENTARZ_A_COV_ART
210,54,TEKST_W_TJ,mod-PrRestr-pzu.md,KOMENTARZ_A_COV_ART
211,54,TEKST_W_TJ,mod-PrRestr-pzu.md,KOMENTARZ_A_COV_ART
211a,54,TEKST_W_TJ,mod-PrRestr-pzu.md,KOMENTARZ_A_COV_ART
211b,55,TEKST_W_TJ,mod-PrRestr-pzu.md,KOMENTARZ_A_COV_ART
212,55,TEKST_W_TJ,mod-PrRestr-pzu.md,KOMENTARZ_A_COV_ART
213,56,TEKST_W_TJ,mod-PrRestr-pzu.md,KOMENTARZ_A_COV_ART
214,56,TEKST_W_TJ,mod-PrRestr-pzu.md,KOMENTARZ_A_COV_ART
215,56,TEKST_W_TJ,mod-PrRestr-pzu.md,KOMENTARZ_A_COV_ART
216,56,TEKST_W_TJ,mod-PrRestr-pzu.md,KOMENTARZ_A_COV_ART
217,57,TEKST_W_TJ,mod-PrRestr-pzu.md,KOMENTARZ_A_COV_ART
218,57,TEKST_W_TJ,mod-PrRestr-pzu.md,KOMENTARZ_A_COV_ART
218a,57,TEKST_W_TJ,mod-PrRestr-pzu.md,KOMENTARZ_A_COV_ART
219,57,TEKST_W_TJ,mod-PrRestr-pzu.md,KOMENTARZ_A_COV_ART
220,58,TEKST_W_TJ,mod-PrRestr-pzu.md,KOMENTARZ_A_COV_ART
221,58,TEKST_W_TJ,mod-PrRestr-pzu.md,KOMENTARZ_A_COV_ART
222,59,TEKST_W_TJ,mod-PrRestr-pzu.md,KOMENTARZ_A_COV_ART
223,59,TEKST_W_TJ,mod-PrRestr-pzu.md,KOMENTARZ_A_COV_ART
224,59,TEKST_W_TJ,mod-PrRestr-pzu.md,KOMENTARZ_A_COV_ART
225,59,TEKST_W_TJ,mod-PrRestr-pzu.md,KOMENTARZ_A_COV_ART
226,59,TEKST_W_TJ,mod-PrRestr-pzu.md,KOMENTARZ_A_COV_ART
226a,59,TEKST_W_TJ,mod-PrRestr-pzu.md,KOMENTARZ_A_COV_ART
226b,59,TEKST_W_TJ,mod-PrRestr-pzu.md,KOMENTARZ_A_COV_ART
226c,60,TEKST_W_TJ,mod-PrRestr-pzu.md,KOMENTARZ_A_COV_ART
226d,60,TEKST_W_TJ,mod-PrRestr-pzu.md,KOMENTARZ_A_COV_ART
226e,60,TEKST_W_TJ,mod-PrRestr-pzu.md,KOMENTARZ_A_COV_ART
226f,60,TEKST_W_TJ,mod-PrRestr-pzu.md,KOMENTARZ_A_COV_ART
226g,60,TEKST_W_TJ,mod-PrRestr-pzu.md,KOMENTARZ_A_COV_ART
226h,60,TEKST_W_TJ,mod-PrRestr-pzu.md,KOMENTARZ_A_COV_ART
226i,60,TEKST_W_TJ,mod-PrRestr-pzu.md,KOMENTARZ_A_COV_ART
227,61,TEKST_W_TJ,mod-PrRestr-ppu-pu.md,KOMENTARZ_A_COV_ART
228,62,TEKST_W_TJ,mod-PrRestr-ppu-pu.md,KOMENTARZ_A_COV_ART
229,62,TEKST_W_TJ,mod-PrRestr-ppu-pu.md,KOMENTARZ_A_COV_ART
230,62,TEKST_W_TJ,mod-PrRestr-ppu-pu.md,KOMENTARZ_A_COV_ART
231,62,TEKST_W_TJ,mod-PrRestr-ppu-pu.md,KOMENTARZ_A_COV_ART
232,62,TEKST_W_TJ,mod-PrRestr-ppu-pu.md,KOMENTARZ_A_COV_ART
233,62,TEKST_W_TJ,mod-PrRestr-ppu-pu.md,KOMENTARZ_A_COV_ART
234,63,TEKST_W_TJ,mod-PrRestr-ppu-pu.md,KOMENTARZ_A_COV_ART
235,63,TEKST_W_TJ,mod-PrRestr-ppu-pu.md,KOMENTARZ_A_COV_ART
236,63,TEKST_W_TJ,mod-PrRestr-ppu-pu.md,KOMENTARZ_A_COV_ART
237,63,TEKST_W_TJ,mod-PrRestr-ppu-pu.md,KOMENTARZ_A_COV_ART
238,63,TEKST_W_TJ,mod-PrRestr-ppu-pu.md,KOMENTARZ_A_COV_ART
239,63,TEKST_W_TJ,mod-PrRestr-ppu-pu.md,KOMENTARZ_A_COV_ART
240,64,TEKST_W_TJ,mod-PrRestr-ppu-pu.md,KOMENTARZ_A_COV_ART
241,64,TEKST_W_TJ,mod-PrRestr-ppu-pu.md,KOMENTARZ_A_COV_ART
242,64,TEKST_W_TJ,mod-PrRestr-ppu-pu.md,KOMENTARZ_A_COV_ART
243,64,TEKST_W_TJ,mod-PrRestr-ppu-pu.md,KOMENTARZ_A_COV_ART
244,64,TEKST_W_TJ,mod-PrRestr-ppu-pu.md,KOMENTARZ_A_COV_ART
245,64,TEKST_W_TJ,mod-PrRestr-ppu-pu.md,KOMENTARZ_A_COV_ART
246,65,TEKST_W_TJ,mod-PrRestr-ppu-pu.md,KOMENTARZ_A_COV_ART
247,65,TEKST_W_TJ,mod-PrRestr-ppu-pu.md,KOMENTARZ_A_COV_ART
248,65,TEKST_W_TJ,mod-PrRestr-ppu-pu.md,KOMENTARZ_A_COV_ART
249,65,TEKST_W_TJ,mod-PrRestr-ppu-pu.md,KOMENTARZ_A_COV_ART
250,65,TEKST_W_TJ,mod-PrRestr-ppu-pu.md,KOMENTARZ_A_COV_ART
251,65,TEKST_W_TJ,mod-PrRestr-ppu-pu.md,KOMENTARZ_A_COV_ART
252,65,TEKST_W_TJ,mod-PrRestr-ppu-pu.md,KOMENTARZ_A_COV_ART
253,66,TEKST_W_TJ,mod-PrRestr-ppu-pu.md,KOMENTARZ_A_COV_ART
254,66,TEKST_W_TJ,mod-PrRestr-ppu-pu.md,KOMENTARZ_A_COV_ART
255,66,TEKST_W_TJ,mod-PrRestr-ppu-pu.md,KOMENTARZ_A_COV_ART
256,66,TEKST_W_TJ,mod-PrRestr-ppu-pu.md,KOMENTARZ_A_COV_ART
257,66,TEKST_W_TJ,mod-PrRestr-ppu-pu.md,KOMENTARZ_A_COV_ART
258,67,TEKST_W_TJ,mod-PrRestr-ppu-pu.md,KOMENTARZ_A_COV_ART
259,67,TEKST_W_TJ,mod-PrRestr-ppu-pu.md,KOMENTARZ_A_COV_ART
260,67,TEKST_W_TJ,mod-PrRestr-ppu-pu.md,KOMENTARZ_A_COV_ART
261,67,TEKST_W_TJ,mod-PrRestr-ppu-pu.md,KOMENTARZ_A_COV_ART
262,68,TEKST_W_TJ,mod-PrRestr-ppu-pu.md,KOMENTARZ_A_COV_ART
263,68,TEKST_W_TJ,mod-PrRestr-ppu-pu.md,KOMENTARZ_A_COV_ART
264,68,TEKST_W_TJ,mod-PrRestr-ppu-pu.md,KOMENTARZ_A_COV_ART
265,68,TEKST_W_TJ,mod-PrRestr-ppu-pu.md,KOMENTARZ_A_COV_ART
266,68,TEKST_W_TJ,mod-PrRestr-ppu-pu.md,KOMENTARZ_A_COV_ART
267,68,TEKST_W_TJ,mod-PrRestr-ppu-pu.md,KOMENTARZ_A_COV_ART
268,69,TEKST_W_TJ,mod-PrRestr-ppu-pu.md,KOMENTARZ_A_COV_ART
269,69,TEKST_W_TJ,mod-PrRestr-ppu-pu.md,KOMENTARZ_A_COV_ART
270,69,TEKST_W_TJ,mod-PrRestr-ppu-pu.md,KOMENTARZ_A_COV_ART
271,69,TEKST_W_TJ,mod-PrRestr-ppu-pu.md,KOMENTARZ_A_COV_ART
272,69,TEKST_W_TJ,mod-PrRestr-ppu-pu.md,KOMENTARZ_A_COV_ART
273,70,TEKST_W_TJ,mod-PrRestr-ppu-pu.md,KOMENTARZ_A_COV_ART
274,70,TEKST_W_TJ,mod-PrRestr-ppu-pu.md,KOMENTARZ_A_COV_ART
275,70,TEKST_W_TJ,mod-PrRestr-ppu-pu.md,KOMENTARZ_A_COV_ART
276,70,TEKST_W_TJ,mod-PrRestr-ppu-pu.md,KOMENTARZ_A_COV_ART
277,70,TEKST_W_TJ,mod-PrRestr-ppu-pu.md,KOMENTARZ_A_COV_ART
278,70,TEKST_W_TJ,mod-PrRestr-ppu-pu.md,KOMENTARZ_A_COV_ART
279,70,TEKST_W_TJ,mod-PrRestr-ppu-pu.md,KOMENTARZ_A_COV_ART
280,71,TEKST_W_TJ,mod-PrRestr-ppu-pu.md,KOMENTARZ_A_COV_ART
281,71,TEKST_W_TJ,mod-PrRestr-ppu-pu.md,KOMENTARZ_A_COV_ART
282,71,TEKST_W_TJ,mod-PrRestr-ppu-pu.md,KOMENTARZ_A_COV_ART
283,71,TEKST_W_TJ,mod-PrRestr-sanacja.md,KOMENTARZ_A_COV_ART
284,71,TEKST_W_TJ,mod-PrRestr-sanacja.md,KOMENTARZ_A_COV_ART
285,72,TEKST_W_TJ,mod-PrRestr-sanacja.md,KOMENTARZ_A_COV_ART
286,72,TEKST_W_TJ,mod-PrRestr-sanacja.md,KOMENTARZ_A_COV_ART
287,73,TEKST_W_TJ,mod-PrRestr-sanacja.md,KOMENTARZ_A_COV_ART
288,73,TEKST_W_TJ,mod-PrRestr-sanacja.md,KOMENTARZ_A_COV_ART
289,73,TEKST_W_TJ,mod-PrRestr-sanacja.md,KOMENTARZ_A_COV_ART
290,73,TEKST_W_TJ,mod-PrRestr-sanacja.md,KOMENTARZ_A_COV_ART
291,73,TEKST_W_TJ,mod-PrRestr-sanacja.md,KOMENTARZ_A_COV_ART
292,73,TEKST_W_TJ,mod-PrRestr-sanacja.md,KOMENTARZ_A_COV_ART
293,73,TEKST_W_TJ,mod-PrRestr-sanacja.md,KOMENTARZ_A_COV_ART
294,74,TEKST_W_TJ,mod-PrRestr-sanacja.md,KOMENTARZ_A_COV_ART
295,74,TEKST_W_TJ,mod-PrRestr-sanacja.md,KOMENTARZ_A_COV_ART
296,74,TEKST_W_TJ,mod-PrRestr-sanacja.md,KOMENTARZ_A_COV_ART
297,74,TEKST_W_TJ,mod-PrRestr-sanacja.md,KOMENTARZ_A_COV_ART
298,74,TEKST_W_TJ,mod-PrRestr-sanacja.md,KOMENTARZ_A_COV_ART
299,74,TEKST_W_TJ,mod-PrRestr-sanacja.md,KOMENTARZ_A_COV_ART
300,74,TEKST_W_TJ,mod-PrRestr-sanacja.md,KOMENTARZ_A_COV_ART
301,74,TEKST_W_TJ,mod-PrRestr-sanacja.md,KOMENTARZ_A_COV_ART
302,75,TEKST_W_TJ,mod-PrRestr-sanacja.md,KOMENTARZ_A_COV_ART
303,75,TEKST_W_TJ,mod-PrRestr-sanacja.md,KOMENTARZ_A_COV_ART
304,75,TEKST_W_TJ,mod-PrRestr-sanacja.md,KOMENTARZ_A_COV_ART
305,75,TEKST_W_TJ,mod-PrRestr-sanacja.md,KOMENTARZ_A_COV_ART
306,76,TEKST_W_TJ,mod-PrRestr-sanacja.md,KOMENTARZ_A_COV_ART
307,76,TEKST_W_TJ,mod-PrRestr-sanacja.md,KOMENTARZ_A_COV_ART
308,76,TEKST_W_TJ,mod-PrRestr-sanacja.md,KOMENTARZ_A_COV_ART
309,76,TEKST_W_TJ,mod-PrRestr-sanacja.md,KOMENTARZ_A_COV_ART
310,77,TEKST_W_TJ,mod-PrRestr-sanacja.md,KOMENTARZ_A_COV_ART
311,77,TEKST_W_TJ,mod-PrRestr-sanacja.md,KOMENTARZ_A_COV_ART
312,77,TEKST_W_TJ,mod-PrRestr-sanacja.md,KOMENTARZ_A_COV_ART
313,77,TEKST_W_TJ,mod-PrRestr-sanacja.md,KOMENTARZ_A_COV_ART
314,77,TEKST_W_TJ,mod-PrRestr-sanacja.md,KOMENTARZ_A_COV_ART
315,78,TEKST_W_TJ,mod-PrRestr-sanacja.md,KOMENTARZ_A_COV_ART
316,78,TEKST_W_TJ,mod-PrRestr-sanacja.md,KOMENTARZ_A_COV_ART
317,78,TEKST_W_TJ,mod-PrRestr-sanacja.md,KOMENTARZ_A_COV_ART
318,78,TEKST_W_TJ,mod-PrRestr-sanacja.md,KOMENTARZ_A_COV_ART
319,78,TEKST_W_TJ,mod-PrRestr-sanacja.md,KOMENTARZ_A_COV_ART
320,78,TEKST_W_TJ,mod-PrRestr-sanacja.md,KOMENTARZ_A_COV_ART
321,78,TEKST_W_TJ,mod-PrRestr-sanacja.md,KOMENTARZ_A_COV_ART
322,78,TEKST_W_TJ,mod-PrRestr-sanacja.md,KOMENTARZ_A_COV_ART
323,79,TEKST_W_TJ,mod-PrRestr-sanacja.md,KOMENTARZ_A_COV_ART
324,79,TEKST_W_TJ,mod-PrRestr-procedura-zakonczenie.md,KOMENTARZ_A_COV_ART
325,79,TEKST_W_TJ,mod-PrRestr-procedura-zakonczenie.md,KOMENTARZ_A_COV_ART
326,79,TEKST_W_TJ,mod-PrRestr-procedura-zakonczenie.md,KOMENTARZ_A_COV_ART
327,80,TEKST_W_TJ,mod-PrRestr-procedura-zakonczenie.md,KOMENTARZ_A_COV_ART
328,80,TEKST_W_TJ,mod-PrRestr-procedura-zakonczenie.md,KOMENTARZ_A_COV_ART
329,80,TEKST_W_TJ,mod-PrRestr-procedura-zakonczenie.md,KOMENTARZ_A_COV_ART
330,80,TEKST_W_TJ,mod-PrRestr-procedura-zakonczenie.md,KOMENTARZ_A_COV_ART
331,80,TEKST_W_TJ,mod-PrRestr-procedura-zakonczenie.md,KOMENTARZ_A_COV_ART
332,80,TEKST_W_TJ,mod-PrRestr-procedura-zakonczenie.md,KOMENTARZ_A_COV_ART
333,81,TEKST_W_TJ,mod-PrRestr-procedura-zakonczenie.md,KOMENTARZ_A_COV_ART
334,81,TEKST_W_TJ,mod-PrRestr-procedura-zakonczenie.md,KOMENTARZ_A_COV_ART
335,81,TEKST_W_TJ,mod-PrRestr-procedura-zakonczenie.md,KOMENTARZ_A_COV_ART
336,81,TEKST_W_TJ,mod-PrRestr-procedura-zakonczenie.md,KOMENTARZ_A_COV_ART
337,81,TEKST_W_TJ,mod-PrRestr-procedura-zakonczenie.md,KOMENTARZ_A_COV_ART
338,81,TEKST_W_TJ,mod-PrRestr-odrebne-miedzynarodowe.md,KOMENTARZ_A_COV_ART
339,81,TEKST_W_TJ,mod-PrRestr-odrebne-miedzynarodowe.md,KOMENTARZ_A_COV_ART
340,81,TEKST_W_TJ,mod-PrRestr-odrebne-miedzynarodowe.md,KOMENTARZ_A_COV_ART
341,81,TEKST_W_TJ,mod-PrRestr-odrebne-miedzynarodowe.md,KOMENTARZ_A_COV_ART
342,81,TEKST_W_TJ,mod-PrRestr-odrebne-miedzynarodowe.md,KOMENTARZ_A_COV_ART
343,82,TEKST_W_TJ,mod-PrRestr-odrebne-miedzynarodowe.md,KOMENTARZ_A_COV_ART
344,82,TEKST_W_TJ,mod-PrRestr-odrebne-miedzynarodowe.md,KOMENTARZ_A_COV_ART
345,82,TEKST_W_TJ,mod-PrRestr-odrebne-miedzynarodowe.md,KOMENTARZ_A_COV_ART
346,82,TEKST_W_TJ,mod-PrRestr-odrebne-miedzynarodowe.md,KOMENTARZ_A_COV_ART
347,82,TEKST_W_TJ,mod-PrRestr-odrebne-miedzynarodowe.md,KOMENTARZ_A_COV_ART
348,82,TEKST_W_TJ,mod-PrRestr-odrebne-miedzynarodowe.md,KOMENTARZ_A_COV_ART
349,82,TEKST_W_TJ,mod-PrRestr-odrebne-miedzynarodowe.md,KOMENTARZ_A_COV_ART
350,82,TEKST_W_TJ,mod-PrRestr-odrebne-miedzynarodowe.md,KOMENTARZ_A_COV_ART
351,83,TEKST_W_TJ,mod-PrRestr-odrebne-miedzynarodowe.md,KOMENTARZ_A_COV_ART
352,83,TEKST_W_TJ,mod-PrRestr-odrebne-miedzynarodowe.md,KOMENTARZ_A_COV_ART
353,83,TEKST_W_TJ,mod-PrRestr-odrebne-miedzynarodowe.md,KOMENTARZ_A_COV_ART
354,83,TEKST_W_TJ,mod-PrRestr-odrebne-miedzynarodowe.md,KOMENTARZ_A_COV_ART
355,83,TEKST_W_TJ,mod-PrRestr-odrebne-miedzynarodowe.md,KOMENTARZ_A_COV_ART
356,83,TEKST_W_TJ,mod-PrRestr-odrebne-miedzynarodowe.md,KOMENTARZ_A_COV_ART
357,83,TEKST_W_TJ,mod-PrRestr-odrebne-miedzynarodowe.md,KOMENTARZ_A_COV_ART
358,83,TEKST_W_TJ,mod-PrRestr-odrebne-miedzynarodowe.md,KOMENTARZ_A_COV_ART
359,84,TEKST_W_TJ,mod-PrRestr-odrebne-miedzynarodowe.md,KOMENTARZ_A_COV_ART
360,84,TEKST_W_TJ,mod-PrRestr-odrebne-miedzynarodowe.md,KOMENTARZ_A_COV_ART
361,84,TEKST_W_TJ,mod-PrRestr-odrebne-miedzynarodowe.md,KOMENTARZ_A_COV_ART
362,84,TEKST_W_TJ,mod-PrRestr-odrebne-miedzynarodowe.md,KOMENTARZ_A_COV_ART
363,84,TEKST_W_TJ,mod-PrRestr-odrebne-miedzynarodowe.md,KOMENTARZ_A_COV_ART
364,85,TEKST_W_TJ,mod-PrRestr-odrebne-miedzynarodowe.md,KOMENTARZ_A_COV_ART
365,85,TEKST_W_TJ,mod-PrRestr-odrebne-miedzynarodowe.md,KOMENTARZ_A_COV_ART
366,85,TEKST_W_TJ,mod-PrRestr-odrebne-miedzynarodowe.md,KOMENTARZ_A_COV_ART
367,85,TEKST_W_TJ,mod-PrRestr-odrebne-miedzynarodowe.md,KOMENTARZ_A_COV_ART
399,85,TEKST_W_TJ,mod-PrRestr-odrebne-miedzynarodowe.md,KOMENTARZ_A_COV_ART
400,85,TEKST_W_TJ,mod-PrRestr-odrebne-miedzynarodowe.md,KOMENTARZ_A_COV_ART
401–447,85,POMINIETE_W_TJ,mod-PrRestr-odrebne-miedzynarodowe.md,NIE_DOTYCZY_POMINIETE_W_TJ
448,85,TEKST_W_TJ,mod-PrRestr-odrebne-miedzynarodowe.md,KOMENTARZ_A_COV_ART
449,86,TEKST_W_TJ,mod-PrRestr-odrebne-miedzynarodowe.md,KOMENTARZ_A_COV_ART
450,86,TEKST_W_TJ,mod-PrRestr-odrebne-miedzynarodowe.md,KOMENTARZ_A_COV_ART
451,86,TEKST_W_TJ,mod-PrRestr-odrebne-miedzynarodowe.md,KOMENTARZ_A_COV_ART
452,86,TEKST_W_TJ,mod-PrRestr-odrebne-miedzynarodowe.md,KOMENTARZ_A_COV_ART
453,86,TEKST_W_TJ,mod-PrRestr-odrebne-miedzynarodowe.md,KOMENTARZ_A_COV_ART
454,86,TEKST_W_TJ,mod-PrRestr-odrebne-miedzynarodowe.md,KOMENTARZ_A_COV_ART
455,86,TEKST_W_TJ,mod-PrRestr-odrebne-miedzynarodowe.md,KOMENTARZ_A_COV_ART
456,86,TEKST_W_TJ,mod-PrRestr-odrebne-miedzynarodowe.md,KOMENTARZ_A_COV_ART
